{
  "n_estimators": 200,
  "learning_rate": 0.020862793392515316,
  "num_leaves": 36,
  "max_depth": 3,
  "min_child_samples": 42,
  "subsample": 0.8734419383503471,
  "colsample_bytree": 0.40238975870450777,
  "reg_alpha": 0.004272986832797566,
  "reg_lambda": 0.00010779772790454304
}