{
  "n_estimators": 700,
  "learning_rate": 0.010001076820369065,
  "num_leaves": 16,
  "max_depth": 5,
  "min_child_samples": 17,
  "subsample": 0.5048382578867951,
  "colsample_bytree": 0.6995101469622906,
  "reg_alpha": 0.00043367500253164895,
  "reg_lambda": 0.06512734797072835
}